pre_post,n,mean_log,sd_log,median_log
pre,246,16.142559729184917,0.3441427486512721,16.105149301089227
post,1259,16.356548268184557,1.884079316420498,16.57448927026207
