pre_post,n,mean_vol,sd_vol
post,1259,17744624.787926927,8956019.792886745
pre,246,10896526.18292683,4095583.120856713
